Metric,Value
RMSE,207.20304637922536
MAE,139.08268924115288
R²,0.9253433915457606
